Order_ID,Customer_ID,Order_Date,Category,Sales_Amount,Quantity,Payment_Method
ORD_1000,CUST_139,2023-01-01,Home & Kitchen,263.83,5,Debit Card
ORD_1001,CUST_129,2023-01-02,Electronics,68.53,1,Credit Card
ORD_1002,CUST_115,2023-01-03,Books,155.49,4,UPI
ORD_1003,CUST_143,2023-01-04,Books,206.48,2,Debit Card
ORD_1004,CUST_108,2023-01-05,Electronics,121.08,5,Net Banking
ORD_1005,CUST_121,2023-01-06,Electronics,104.47,3,Debit Card
ORD_1006,CUST_139,2023-01-07,Books,106.46,4,Credit Card
ORD_1007,CUST_119,2023-01-08,Clothing,69.4,5,Net Banking
ORD_1008,CUST_123,2023-01-09,Clothing,217.49,1,Credit Card
ORD_1009,CUST_111,2023-01-10,Home & Kitchen,133.52,1,Debit Card
ORD_1010,CUST_111,2023-01-11,Home & Kitchen,,1,Net Banking
ORD_1011,CUST_124,2023-01-12,Books,,1,UPI
ORD_1012,CUST_136,2023-01-13,Books,,3,UPI
ORD_1013,CUST_140,2023-01-14,Books,,4,Net Banking
ORD_1014,CUST_124,2023-01-15,Home & Kitchen,,2,Net Banking
ORD_1015,CUST_103,2023-01-16,Books,,3,Credit Card
ORD_1016,CUST_122,2023-01-17,Home & Kitchen,202.0,3,Net Banking
ORD_1017,CUST_102,2023-01-18,Clothing,99.97,2,Credit Card
ORD_1018,CUST_124,2023-01-19,Electronics,271.49,2,Debit Card
ORD_1019,CUST_144,2023-01-20,Books,247.49,1,Credit Card
ORD_1020,CUST_130,2023-01-21,Books,121.81,3,Net Banking
ORD_1021,CUST_138,2023-01-22,Home & Kitchen,-28.41,5,Net Banking
ORD_1022,CUST_102,2023-01-23,Books,132.17,2,Debit Card
ORD_1023,CUST_121,2023-01-24,Home & Kitchen,161.91,2,Net Banking
ORD_1024,CUST_133,2023-01-25,Electronics,121.61,4,Net Banking
ORD_1025,CUST_112,2023-01-26,Electronics,138.92,5,UPI
ORD_1026,CUST_122,2023-01-27,Electronics,108.57,5,UPI
ORD_1027,CUST_144,2023-01-28,Clothing,196.08,2,Debit Card
ORD_1028,CUST_125,2023-01-29,Electronics,153.18,1,Credit Card
ORD_1029,CUST_149,2023-01-30,Home & Kitchen,197.58,4,UPI
ORD_1030,CUST_127,2023-01-31,Clothing,211.11,5,Credit Card
ORD_1031,CUST_142,2023-02-01,Home & Kitchen,41.28,2,Net Banking
ORD_1032,CUST_128,2023-02-02,Clothing,111.47,5,UPI
ORD_1033,CUST_116,2023-02-03,Home & Kitchen,118.8,4,Debit Card
ORD_1034,CUST_115,2023-02-04,Clothing,278.57,4,Debit Card
ORD_1035,CUST_147,2023-02-05,Electronics,157.45,3,Debit Card
ORD_1036,CUST_144,2023-02-06,Clothing,190.63,2,UPI
ORD_1037,CUST_103,2023-02-07,Home & Kitchen,55.97,4,Credit Card
ORD_1038,CUST_137,2023-02-08,Clothing,157.16,3,Net Banking
ORD_1039,CUST_107,2023-02-09,Books,198.91,3,Credit Card
ORD_1040,CUST_121,2023-02-10,Electronics,193.1,5,Credit Card
ORD_1041,CUST_109,2023-02-11,Clothing,181.17,5,Net Banking
ORD_1042,CUST_139,2023-02-12,Books,150.65,3,Net Banking
ORD_1043,CUST_118,2023-02-13,Clothing,153.08,5,UPI
ORD_1044,CUST_104,2023-02-14,Clothing,65.34,4,UPI
ORD_1045,CUST_125,2023-02-15,Clothing,104.97,1,UPI
ORD_1046,CUST_114,2023-02-16,Clothing,161.55,4,UPI
ORD_1047,CUST_109,2023-02-17,Home & Kitchen,114.2,3,UPI
ORD_1048,CUST_126,2023-02-18,Electronics,184.44,3,Net Banking
ORD_1049,CUST_102,2023-02-19,Electronics,173.34,4,Credit Card
ORD_1050,CUST_120,2023-02-20,Clothing,218.37,5,UPI
ORD_1051,CUST_128,2023-02-21,Books,197.91,5,UPI
ORD_1052,CUST_147,2023-02-22,Clothing,161.36,3,Credit Card
ORD_1053,CUST_107,2023-02-23,Electronics,187.4,2,UPI
ORD_1054,CUST_144,2023-02-24,Home & Kitchen,200.26,5,Credit Card
ORD_1055,CUST_108,2023-02-25,Home & Kitchen,124.63,4,Credit Card
ORD_1056,CUST_147,2023-02-26,Electronics,133.53,5,Net Banking
ORD_1057,CUST_135,2023-02-27,Clothing,145.16,4,Debit Card
ORD_1058,CUST_114,2023-02-28,Clothing,126.22,3,Net Banking
ORD_1059,CUST_117,2023-03-01,Clothing,200.78,5,Debit Card
ORD_1060,CUST_136,2023-03-02,Clothing,118.63,4,Debit Card
ORD_1061,CUST_140,2023-03-03,Electronics,212.58,3,Debit Card
ORD_1062,CUST_104,2023-03-04,Electronics,131.65,2,UPI
ORD_1063,CUST_102,2023-03-05,Electronics,173.62,4,Net Banking
ORD_1064,CUST_106,2023-03-06,Books,158.32,2,Debit Card
ORD_1065,CUST_142,2023-03-07,Books,101.2,2,Credit Card
ORD_1066,CUST_104,2023-03-08,Clothing,149.01,1,UPI
ORD_1067,CUST_129,2023-03-09,Books,166.68,5,Net Banking
ORD_1068,CUST_118,2023-03-10,Home & Kitchen,146.79,4,Debit Card
ORD_1069,CUST_126,2023-03-11,Clothing,82.86,2,Credit Card
ORD_1070,CUST_144,2023-03-12,Clothing,235.07,1,Net Banking
ORD_1071,CUST_134,2023-03-13,Electronics,154.38,3,Net Banking
ORD_1072,CUST_110,2023-03-14,Electronics,110.28,4,UPI
ORD_1073,CUST_136,2023-03-15,Home & Kitchen,231.04,2,Net Banking
ORD_1074,CUST_114,2023-03-16,Clothing,180.87,5,UPI
ORD_1075,CUST_131,2023-03-17,Electronics,89.99,1,Debit Card
ORD_1076,CUST_148,2023-03-18,Books,97.78,2,UPI
ORD_1077,CUST_115,2023-03-19,Home & Kitchen,138.88,5,Credit Card
ORD_1078,CUST_108,2023-03-20,Electronics,164.87,2,UPI
ORD_1079,CUST_114,2023-03-21,Books,181.14,4,Credit Card
ORD_1080,CUST_123,2023-03-22,Books,197.51,4,UPI
ORD_1081,CUST_140,2023-03-23,Books,176.98,4,Net Banking
ORD_1082,CUST_121,2023-03-24,Electronics,217.34,1,Debit Card
ORD_1083,CUST_116,2023-03-25,Home & Kitchen,156.34,4,Credit Card
ORD_1084,CUST_145,2023-03-26,Clothing,112.02,5,UPI
ORD_1085,CUST_118,2023-03-27,Home & Kitchen,149.83,2,UPI
ORD_1086,CUST_147,2023-03-28,Books,146.55,3,UPI
ORD_1087,CUST_124,2023-03-29,Home & Kitchen,21.09,5,Net Banking
ORD_1088,CUST_126,2023-03-30,Books,121.93,5,Net Banking
ORD_1089,CUST_125,2023-03-31,Books,165.71,4,Credit Card
ORD_1090,CUST_145,2023-04-01,Books,128.79,1,Credit Card
ORD_1091,CUST_141,2023-04-02,Clothing,117.69,2,Net Banking
ORD_1092,CUST_129,2023-04-03,Electronics,195.57,1,Credit Card
ORD_1093,CUST_115,2023-04-04,Clothing,104.17,2,Debit Card
ORD_1094,CUST_145,2023-04-05,Books,185.58,2,Debit Card
ORD_1095,CUST_101,2023-04-06,Electronics,83.36,1,Net Banking
ORD_1096,CUST_125,2023-04-07,Clothing,288.04,5,Credit Card
ORD_1097,CUST_107,2023-04-08,Electronics,139.22,2,UPI
ORD_1098,CUST_109,2023-04-09,Clothing,133.84,1,Debit Card
ORD_1099,CUST_124,2023-04-10,Books,207.15,2,Net Banking
ORD_1100,CUST_101,2023-04-11,Books,129.06,3,Credit Card
ORD_1101,CUST_144,2023-04-12,Electronics,222.75,5,Net Banking
ORD_1102,CUST_108,2023-04-13,Books,168.58,4,UPI
ORD_1103,CUST_124,2023-04-14,Clothing,144.08,2,Debit Card
ORD_1104,CUST_111,2023-04-15,Clothing,138.75,3,Net Banking
ORD_1105,CUST_117,2023-04-16,Home & Kitchen,210.38,4,Net Banking
ORD_1106,CUST_108,2023-04-17,Clothing,161.52,4,Net Banking
ORD_1107,CUST_135,2023-04-18,Clothing,171.62,2,UPI
ORD_1108,CUST_135,2023-04-19,Home & Kitchen,177.05,1,Net Banking
ORD_1109,CUST_133,2023-04-20,Electronics,156.65,2,UPI
ORD_1110,CUST_105,2023-04-21,Clothing,175.99,3,UPI
ORD_1111,CUST_142,2023-04-22,Clothing,144.08,4,UPI
ORD_1112,CUST_139,2023-04-23,Electronics,147.51,2,Debit Card
ORD_1113,CUST_141,2023-04-24,Clothing,94.04,1,Debit Card
ORD_1114,CUST_128,2023-04-25,Clothing,164.89,2,Net Banking
ORD_1115,CUST_107,2023-04-26,Home & Kitchen,64.02,5,Net Banking
ORD_1116,CUST_109,2023-04-27,Home & Kitchen,164.18,1,Debit Card
ORD_1117,CUST_108,2023-04-28,Books,135.97,3,Credit Card
ORD_1118,CUST_112,2023-04-29,Home & Kitchen,168.73,4,Debit Card
ORD_1119,CUST_134,2023-04-30,Home & Kitchen,97.56,2,UPI
ORD_1120,CUST_133,2023-05-01,Electronics,44.03,1,Debit Card
ORD_1121,CUST_148,2023-05-02,Clothing,132.46,5,UPI
ORD_1122,CUST_123,2023-05-03,Clothing,97.7,1,Net Banking
ORD_1123,CUST_124,2023-05-04,Electronics,60.97,5,Credit Card
ORD_1124,CUST_137,2023-05-05,Clothing,188.4,3,Net Banking
ORD_1125,CUST_135,2023-05-06,Clothing,230.06,4,UPI
ORD_1126,CUST_144,2023-05-07,Books,110.15,3,UPI
ORD_1127,CUST_140,2023-05-08,Books,146.21,2,UPI
ORD_1128,CUST_122,2023-05-09,Clothing,134.61,1,Credit Card
ORD_1129,CUST_127,2023-05-10,Clothing,117.06,5,Debit Card
ORD_1130,CUST_135,2023-05-11,Electronics,183.19,5,Net Banking
ORD_1131,CUST_101,2023-05-12,Books,200.51,1,Net Banking
ORD_1132,CUST_135,2023-05-13,Books,106.57,1,Debit Card
ORD_1133,CUST_137,2023-05-14,Electronics,152.24,2,Net Banking
ORD_1134,CUST_147,2023-05-15,Home & Kitchen,214.23,3,Credit Card
ORD_1135,CUST_114,2023-05-16,Electronics,184.45,5,Net Banking
ORD_1136,CUST_103,2023-05-17,Electronics,191.88,2,UPI
ORD_1137,CUST_101,2023-05-18,Electronics,218.4,3,Debit Card
ORD_1138,CUST_105,2023-05-19,Electronics,217.74,2,Credit Card
ORD_1139,CUST_126,2023-05-20,Books,201.43,5,Debit Card
ORD_1140,CUST_114,2023-05-21,Home & Kitchen,157.25,1,Credit Card
ORD_1141,CUST_139,2023-05-22,Clothing,130.88,1,UPI
ORD_1142,CUST_127,2023-05-23,Home & Kitchen,155.17,3,Debit Card
ORD_1143,CUST_109,2023-05-24,Books,123.28,4,Net Banking
ORD_1144,CUST_115,2023-05-25,Books,52.38,3,Credit Card
ORD_1145,CUST_115,2023-05-26,Electronics,136.03,4,Debit Card
ORD_1146,CUST_126,2023-05-27,Clothing,167.88,2,Net Banking
ORD_1147,CUST_142,2023-05-28,Electronics,120.64,2,Debit Card
ORD_1148,CUST_113,2023-05-29,Clothing,140.36,5,Debit Card
ORD_1149,CUST_132,2023-05-30,Electronics,142.3,4,Debit Card
ORD_1150,CUST_139,2023-05-31,Home & Kitchen,217.84,5,Credit Card
ORD_1151,CUST_149,2023-06-01,Clothing,132.03,1,Net Banking
ORD_1152,CUST_132,2023-06-02,Electronics,217.83,4,UPI
ORD_1153,CUST_104,2023-06-03,Electronics,14.38,3,Credit Card
ORD_1154,CUST_130,2023-06-04,Clothing,217.39,1,Credit Card
ORD_1155,CUST_137,2023-06-05,Electronics,214.87,1,Credit Card
ORD_1156,CUST_123,2023-06-06,Clothing,195.11,3,UPI
ORD_1157,CUST_139,2023-06-07,Electronics,49.4,1,Net Banking
ORD_1158,CUST_145,2023-06-08,Electronics,200.94,4,Net Banking
ORD_1159,CUST_115,2023-06-09,Clothing,147.49,5,Net Banking
ORD_1160,CUST_143,2023-06-10,Home & Kitchen,23.53,1,Debit Card
ORD_1161,CUST_129,2023-06-11,Electronics,214.91,4,Debit Card
ORD_1162,CUST_136,2023-06-12,Electronics,222.21,2,Debit Card
ORD_1163,CUST_113,2023-06-13,Electronics,54.77,4,UPI
ORD_1164,CUST_132,2023-06-14,Books,158.77,5,Debit Card
ORD_1165,CUST_107,2023-06-15,Clothing,219.43,4,UPI
ORD_1166,CUST_122,2023-06-16,Clothing,211.51,3,Net Banking
ORD_1167,CUST_128,2023-06-17,Books,191.8,5,Debit Card
ORD_1168,CUST_102,2023-06-18,Electronics,17.64,2,Debit Card
ORD_1169,CUST_142,2023-06-19,Books,186.48,3,Credit Card
ORD_1170,CUST_145,2023-06-20,Clothing,139.09,4,UPI
ORD_1171,CUST_106,2023-06-21,Electronics,199.79,5,Net Banking
ORD_1172,CUST_128,2023-06-22,Clothing,162.81,2,Credit Card
ORD_1173,CUST_128,2023-06-23,Home & Kitchen,149.01,3,Credit Card
ORD_1174,CUST_144,2023-06-24,Clothing,182.05,2,Net Banking
ORD_1175,CUST_144,2023-06-25,Books,141.4,4,Credit Card
ORD_1176,CUST_120,2023-06-26,Clothing,148.79,2,UPI
ORD_1177,CUST_130,2023-06-27,Home & Kitchen,122.24,1,UPI
ORD_1178,CUST_111,2023-06-28,Clothing,69.73,3,Debit Card
ORD_1179,CUST_128,2023-06-29,Books,178.39,2,Credit Card
ORD_1180,CUST_125,2023-06-30,Clothing,109.7,4,Debit Card
ORD_1181,CUST_139,2023-07-01,Electronics,139.96,4,Credit Card
ORD_1182,CUST_133,2023-07-02,Electronics,164.35,2,UPI
ORD_1183,CUST_101,2023-07-03,Electronics,45.74,4,UPI
ORD_1184,CUST_127,2023-07-04,Electronics,56.93,5,UPI
ORD_1185,CUST_113,2023-07-05,Electronics,135.01,5,Credit Card
ORD_1186,CUST_141,2023-07-06,Home & Kitchen,172.73,5,UPI
ORD_1187,CUST_103,2023-07-07,Clothing,187.2,1,Credit Card
ORD_1188,CUST_139,2023-07-08,Home & Kitchen,70.43,2,Debit Card
ORD_1189,CUST_106,2023-07-09,Books,181.83,1,Credit Card
ORD_1190,CUST_108,2023-07-10,Clothing,137.75,4,Debit Card
ORD_1191,CUST_127,2023-07-11,Home & Kitchen,105.84,1,Credit Card
ORD_1192,CUST_109,2023-07-12,Home & Kitchen,117.57,4,Debit Card
ORD_1193,CUST_137,2023-07-13,Clothing,190.09,4,UPI
ORD_1194,CUST_133,2023-07-14,Electronics,163.7,3,Debit Card
ORD_1195,CUST_142,2023-07-15,Electronics,152.52,5,UPI
ORD_1196,CUST_144,2023-07-16,Electronics,162.17,4,UPI
ORD_1197,CUST_124,2023-07-17,Electronics,196.4,3,Debit Card
ORD_1198,CUST_115,2023-07-18,Electronics,145.15,5,Credit Card
ORD_1199,CUST_132,2023-07-19,Books,152.72,4,Credit Card
ORD_1200,CUST_132,2023-07-20,Home & Kitchen,206.91,4,Net Banking
ORD_1201,CUST_124,2023-07-21,Electronics,133.42,1,Credit Card
ORD_1202,CUST_141,2023-07-22,Electronics,180.91,1,Net Banking
ORD_1203,CUST_149,2023-07-23,Electronics,124.81,5,Credit Card
ORD_1204,CUST_149,2023-07-24,Clothing,129.21,4,Credit Card
ORD_1205,CUST_112,2023-07-25,Clothing,144.8,2,UPI
ORD_1206,CUST_139,2023-07-26,Books,175.76,1,Net Banking
ORD_1207,CUST_102,2023-07-27,Clothing,209.71,5,Credit Card
ORD_1208,CUST_103,2023-07-28,Books,154.83,4,Net Banking
ORD_1209,CUST_149,2023-07-29,Books,75.01,4,UPI
ORD_1210,CUST_137,2023-07-30,Electronics,181.57,2,UPI
ORD_1211,CUST_149,2023-07-31,Home & Kitchen,272.69,5,Net Banking
ORD_1212,CUST_117,2023-08-01,Clothing,155.43,4,UPI
ORD_1213,CUST_149,2023-08-02,Clothing,64.56,1,Debit Card
ORD_1214,CUST_102,2023-08-03,Clothing,158.48,2,Debit Card
ORD_1215,CUST_102,2023-08-04,Home & Kitchen,149.85,5,UPI
ORD_1216,CUST_128,2023-08-05,Home & Kitchen,145.64,2,Debit Card
ORD_1217,CUST_123,2023-08-06,Books,197.27,1,Credit Card
ORD_1218,CUST_137,2023-08-07,Books,218.91,5,Net Banking
ORD_1219,CUST_132,2023-08-08,Home & Kitchen,184.18,2,Credit Card
ORD_1220,CUST_133,2023-08-09,Books,143.35,3,Net Banking
ORD_1221,CUST_101,2023-08-10,Home & Kitchen,206.28,1,UPI
ORD_1222,CUST_119,2023-08-11,Home & Kitchen,75.31,1,Credit Card
ORD_1223,CUST_102,2023-08-12,Clothing,114.2,1,UPI
ORD_1224,CUST_144,2023-08-13,Electronics,119.77,3,UPI
ORD_1225,CUST_126,2023-08-14,Home & Kitchen,148.45,3,Net Banking
ORD_1226,CUST_132,2023-08-15,Clothing,175.34,4,Net Banking
ORD_1227,CUST_106,2023-08-16,Clothing,139.96,2,Net Banking
ORD_1228,CUST_132,2023-08-17,Books,104.7,4,Credit Card
ORD_1229,CUST_104,2023-08-18,Electronics,198.74,2,Debit Card
ORD_1230,CUST_111,2023-08-19,Clothing,138.23,3,Net Banking
ORD_1231,CUST_117,2023-08-20,Home & Kitchen,155.11,3,Net Banking
ORD_1232,CUST_138,2023-08-21,Home & Kitchen,177.55,4,Credit Card
ORD_1233,CUST_124,2023-08-22,Clothing,151.94,5,Net Banking
ORD_1234,CUST_105,2023-08-23,Books,152.16,4,Credit Card
ORD_1235,CUST_134,2023-08-24,Home & Kitchen,201.52,2,UPI
ORD_1236,CUST_106,2023-08-25,Electronics,157.57,4,Net Banking
ORD_1237,CUST_122,2023-08-26,Electronics,193.14,1,Net Banking
ORD_1238,CUST_111,2023-08-27,Home & Kitchen,177.23,2,UPI
ORD_1239,CUST_148,2023-08-28,Clothing,250.84,2,UPI
ORD_1240,CUST_116,2023-08-29,Electronics,170.47,5,UPI
ORD_1241,CUST_133,2023-08-30,Clothing,181.9,3,Net Banking
ORD_1242,CUST_109,2023-08-31,Clothing,205.08,2,Debit Card
ORD_1243,CUST_106,2023-09-01,Clothing,153.18,3,Debit Card
ORD_1244,CUST_116,2023-09-02,Clothing,118.11,4,Debit Card
ORD_1245,CUST_129,2023-09-03,Clothing,126.29,1,Net Banking
ORD_1246,CUST_103,2023-09-04,Clothing,126.77,5,UPI
ORD_1247,CUST_120,2023-09-05,Home & Kitchen,102.48,3,Net Banking
ORD_1248,CUST_136,2023-09-06,Electronics,165.89,2,UPI
ORD_1249,CUST_119,2023-09-07,Home & Kitchen,118.52,3,Net Banking
ORD_1250,CUST_126,2023-09-08,Clothing,159.74,2,Net Banking
ORD_1251,CUST_103,2023-09-09,Books,142.07,3,UPI
ORD_1252,CUST_119,2023-09-10,Clothing,147.92,2,Debit Card
ORD_1253,CUST_120,2023-09-11,Books,177.8,4,UPI
ORD_1254,CUST_132,2023-09-12,Home & Kitchen,122.91,2,Credit Card
ORD_1255,CUST_107,2023-09-13,Electronics,181.94,2,Credit Card
ORD_1256,CUST_141,2023-09-14,Books,228.37,1,UPI
ORD_1257,CUST_133,2023-09-15,Clothing,167.16,2,Net Banking
ORD_1258,CUST_140,2023-09-16,Clothing,110.9,1,Credit Card
ORD_1259,CUST_139,2023-09-17,Electronics,119.25,5,Credit Card
ORD_1260,CUST_118,2023-09-18,Clothing,137.59,1,Net Banking
ORD_1261,CUST_140,2023-09-19,Clothing,120.26,4,Net Banking
ORD_1262,CUST_101,2023-09-20,Clothing,100.44,1,Debit Card
ORD_1263,CUST_111,2023-09-21,Books,157.72,5,Net Banking
ORD_1264,CUST_128,2023-09-22,Electronics,138.94,4,UPI
ORD_1265,CUST_125,2023-09-23,Clothing,159.49,3,UPI
ORD_1266,CUST_123,2023-09-24,Clothing,209.32,3,Debit Card
ORD_1267,CUST_131,2023-09-25,Electronics,138.18,1,Credit Card
ORD_1268,CUST_130,2023-09-26,Clothing,90.73,1,Credit Card
ORD_1269,CUST_142,2023-09-27,Home & Kitchen,130.06,5,Net Banking
ORD_1270,CUST_135,2023-09-28,Clothing,188.52,5,UPI
ORD_1271,CUST_107,2023-09-29,Electronics,183.84,2,Credit Card
ORD_1272,CUST_116,2023-09-30,Clothing,175.93,5,Debit Card
ORD_1273,CUST_126,2023-10-01,Electronics,118.76,2,Debit Card
ORD_1274,CUST_148,2023-10-02,Books,187.6,4,UPI
ORD_1275,CUST_149,2023-10-03,Electronics,198.84,1,Debit Card
ORD_1276,CUST_102,2023-10-04,Clothing,115.23,4,Debit Card
ORD_1277,CUST_101,2023-10-05,Books,147.92,5,UPI
ORD_1278,CUST_148,2023-10-06,Clothing,251.02,4,Net Banking
ORD_1279,CUST_112,2023-10-07,Books,113.01,4,Net Banking
ORD_1280,CUST_105,2023-10-08,Electronics,64.75,4,Debit Card
ORD_1281,CUST_137,2023-10-09,Home & Kitchen,219.15,5,Net Banking
ORD_1282,CUST_132,2023-10-10,Clothing,206.83,4,Net Banking
ORD_1283,CUST_109,2023-10-11,Home & Kitchen,127.15,2,Debit Card
ORD_1284,CUST_141,2023-10-12,Electronics,144.35,5,Net Banking
ORD_1285,CUST_135,2023-10-13,Electronics,88.75,4,Debit Card
ORD_1286,CUST_119,2023-10-14,Electronics,154.45,5,Credit Card
ORD_1287,CUST_148,2023-10-15,Home & Kitchen,208.3,3,UPI
ORD_1288,CUST_116,2023-10-16,Books,122.87,2,UPI
ORD_1289,CUST_103,2023-10-17,Home & Kitchen,193.86,4,Net Banking
ORD_1290,CUST_120,2023-10-18,Electronics,173.19,3,Net Banking
ORD_1291,CUST_124,2023-10-19,Books,178.89,3,Net Banking
ORD_1292,CUST_133,2023-10-20,Clothing,125.78,5,UPI
ORD_1293,CUST_124,2023-10-21,Clothing,132.27,3,Credit Card
ORD_1294,CUST_111,2023-10-22,Electronics,57.66,2,Credit Card
ORD_1295,CUST_149,2023-10-23,Home & Kitchen,121.67,2,UPI
ORD_1296,CUST_108,2023-10-24,Electronics,208.17,1,Credit Card
ORD_1297,CUST_136,2023-10-25,Clothing,103.53,2,UPI
ORD_1298,CUST_138,2023-10-26,Books,110.98,3,Credit Card
ORD_1299,CUST_140,2023-10-27,Electronics,182.01,2,Debit Card
ORD_1300,CUST_120,2023-10-28,Clothing,170.14,5,Debit Card
ORD_1301,CUST_135,2023-10-29,Electronics,184.49,1,UPI
ORD_1302,CUST_148,2023-10-30,Clothing,91.84,3,Credit Card
ORD_1303,CUST_125,2023-10-31,Clothing,278.2,1,Net Banking
ORD_1304,CUST_135,2023-11-01,Clothing,89.21,3,Credit Card
ORD_1305,CUST_125,2023-11-02,Home & Kitchen,157.71,5,Debit Card
ORD_1306,CUST_129,2023-11-03,Clothing,142.07,1,Debit Card
ORD_1307,CUST_118,2023-11-04,Clothing,90.67,4,Credit Card
ORD_1308,CUST_146,2023-11-05,Home & Kitchen,131.49,3,Credit Card
ORD_1309,CUST_118,2023-11-06,Clothing,151.17,4,Net Banking
ORD_1310,CUST_102,2023-11-07,Clothing,117.5,1,Net Banking
ORD_1311,CUST_135,2023-11-08,Clothing,196.86,4,Credit Card
ORD_1312,CUST_116,2023-11-09,Clothing,141.92,4,Credit Card
ORD_1313,CUST_141,2023-11-10,Clothing,82.94,1,Credit Card
ORD_1314,CUST_136,2023-11-11,Books,78.69,5,Credit Card
ORD_1315,CUST_133,2023-11-12,Home & Kitchen,180.31,4,UPI
ORD_1316,CUST_104,2023-11-13,Electronics,75.66,4,Credit Card
ORD_1317,CUST_133,2023-11-14,Clothing,165.82,5,Net Banking
ORD_1318,CUST_114,2023-11-15,Clothing,172.23,4,Debit Card
ORD_1319,CUST_121,2023-11-16,Books,100.23,4,UPI
ORD_1320,CUST_148,2023-11-17,Electronics,194.54,4,Credit Card
ORD_1321,CUST_120,2023-11-18,Electronics,64.11,2,Debit Card
ORD_1322,CUST_108,2023-11-19,Clothing,164.82,5,UPI
ORD_1323,CUST_107,2023-11-20,Clothing,147.96,4,Debit Card
ORD_1324,CUST_103,2023-11-21,Books,144.05,5,Credit Card
ORD_1325,CUST_117,2023-11-22,Electronics,91.11,3,Credit Card
ORD_1326,CUST_133,2023-11-23,Books,103.15,3,Net Banking
ORD_1327,CUST_148,2023-11-24,Electronics,230.94,4,Credit Card
ORD_1328,CUST_112,2023-11-25,Books,210.76,5,Credit Card
ORD_1329,CUST_122,2023-11-26,Electronics,187.1,5,UPI
ORD_1330,CUST_122,2023-11-27,Electronics,196.99,5,Net Banking
ORD_1331,CUST_146,2023-11-28,Home & Kitchen,192.3,2,UPI
ORD_1332,CUST_130,2023-11-29,Books,133.83,3,Debit Card
ORD_1333,CUST_138,2023-11-30,Books,152.38,5,Credit Card
ORD_1334,CUST_138,2023-12-01,Clothing,76.37,5,Debit Card
ORD_1335,CUST_145,2023-12-02,Books,145.52,2,UPI
ORD_1336,CUST_108,2023-12-03,Electronics,209.17,2,Credit Card
ORD_1337,CUST_127,2023-12-04,Books,116.96,5,Credit Card
ORD_1338,CUST_127,2023-12-05,Clothing,201.16,1,UPI
ORD_1339,CUST_134,2023-12-06,Home & Kitchen,154.58,5,UPI
ORD_1340,CUST_121,2023-12-07,Books,80.73,5,UPI
ORD_1341,CUST_130,2023-12-08,Home & Kitchen,94.63,2,UPI
ORD_1342,CUST_133,2023-12-09,Clothing,195.97,2,UPI
ORD_1343,CUST_128,2023-12-10,Clothing,177.63,5,Credit Card
ORD_1344,CUST_147,2023-12-11,Books,155.09,5,UPI
ORD_1345,CUST_133,2023-12-12,Electronics,136.3,5,Credit Card
ORD_1346,CUST_105,2023-12-13,Books,160.53,2,Credit Card
ORD_1347,CUST_148,2023-12-14,Home & Kitchen,194.01,5,UPI
ORD_1348,CUST_119,2023-12-15,Electronics,223.79,5,UPI
ORD_1349,CUST_104,2023-12-16,Home & Kitchen,226.18,4,Net Banking
ORD_1350,CUST_135,2023-12-17,Clothing,168.6,1,Credit Card
ORD_1351,CUST_149,2023-12-18,Home & Kitchen,141.4,3,UPI
ORD_1352,CUST_117,2023-12-19,Home & Kitchen,157.31,1,UPI
ORD_1353,CUST_144,2023-12-20,Electronics,176.11,4,UPI
ORD_1354,CUST_128,2023-12-21,Clothing,175.9,3,Net Banking
ORD_1355,CUST_130,2023-12-22,Books,215.4,5,Net Banking
ORD_1356,CUST_129,2023-12-23,Clothing,255.79,4,Debit Card
ORD_1357,CUST_146,2023-12-24,Clothing,139.74,5,Credit Card
ORD_1358,CUST_106,2023-12-25,Clothing,257.79,2,Debit Card
ORD_1359,CUST_135,2023-12-26,Clothing,208.61,4,UPI
ORD_1360,CUST_141,2023-12-27,Clothing,144.96,2,Net Banking
ORD_1361,CUST_137,2023-12-28,Clothing,224.93,4,Net Banking
ORD_1362,CUST_124,2023-12-29,Electronics,234.28,4,Debit Card
ORD_1363,CUST_129,2023-12-30,Home & Kitchen,126.99,2,Net Banking
ORD_1364,CUST_149,2023-12-31,Electronics,236.61,3,UPI
ORD_1365,CUST_146,2024-01-01,Electronics,203.75,1,Net Banking
ORD_1366,CUST_131,2024-01-02,Electronics,268.43,5,Debit Card
ORD_1367,CUST_135,2024-01-03,Electronics,128.8,4,UPI
ORD_1368,CUST_133,2024-01-04,Clothing,132.33,5,Debit Card
ORD_1369,CUST_121,2024-01-05,Home & Kitchen,48.67,2,Net Banking
ORD_1370,CUST_132,2024-01-06,Home & Kitchen,178.56,5,Debit Card
ORD_1371,CUST_123,2024-01-07,Electronics,168.76,2,Debit Card
ORD_1372,CUST_133,2024-01-08,Books,121.85,5,Credit Card
ORD_1373,CUST_103,2024-01-09,Home & Kitchen,145.91,1,Net Banking
ORD_1374,CUST_118,2024-01-10,Clothing,84.44,1,Net Banking
ORD_1375,CUST_125,2024-01-11,Books,209.92,1,Debit Card
ORD_1376,CUST_142,2024-01-12,Books,125.52,1,Credit Card
ORD_1377,CUST_131,2024-01-13,Electronics,304.7,1,Net Banking
ORD_1378,CUST_103,2024-01-14,Clothing,141.22,1,UPI
ORD_1379,CUST_140,2024-01-15,Books,112.02,2,Debit Card
ORD_1380,CUST_146,2024-01-16,Home & Kitchen,129.38,4,Net Banking
ORD_1381,CUST_124,2024-01-17,Electronics,79.4,5,UPI
ORD_1382,CUST_132,2024-01-18,Home & Kitchen,174.11,1,Net Banking
ORD_1383,CUST_147,2024-01-19,Books,129.01,2,UPI
ORD_1384,CUST_122,2024-01-20,Home & Kitchen,206.56,2,Debit Card
ORD_1385,CUST_123,2024-01-21,Home & Kitchen,136.26,2,Net Banking
ORD_1386,CUST_102,2024-01-22,Books,219.22,4,Net Banking
ORD_1387,CUST_127,2024-01-23,Electronics,187.87,5,Credit Card
ORD_1388,CUST_142,2024-01-24,Electronics,151.43,4,Debit Card
ORD_1389,CUST_102,2024-01-25,Home & Kitchen,229.01,3,UPI
ORD_1390,CUST_126,2024-01-26,Books,197.61,2,Net Banking
ORD_1391,CUST_117,2024-01-27,Clothing,297.31,3,Net Banking
ORD_1392,CUST_140,2024-01-28,Clothing,129.53,1,UPI
ORD_1393,CUST_133,2024-01-29,Home & Kitchen,153.83,1,Debit Card
ORD_1394,CUST_109,2024-01-30,Clothing,228.44,4,Credit Card
ORD_1395,CUST_143,2024-01-31,Home & Kitchen,72.82,5,Credit Card
ORD_1396,CUST_148,2024-02-01,Books,215.85,3,Net Banking
ORD_1397,CUST_139,2024-02-02,Home & Kitchen,171.97,5,UPI
ORD_1398,CUST_129,2024-02-03,Clothing,105.59,4,Net Banking
ORD_1399,CUST_142,2024-02-04,Clothing,81.85,1,UPI
ORD_1400,CUST_126,2024-02-05,Clothing,116.38,5,Credit Card
ORD_1401,CUST_135,2024-02-06,Clothing,35.76,5,Debit Card
ORD_1402,CUST_125,2024-02-07,Clothing,125.52,1,UPI
ORD_1403,CUST_124,2024-02-08,Clothing,181.13,3,Credit Card
ORD_1404,CUST_113,2024-02-09,Electronics,126.18,1,Net Banking
ORD_1405,CUST_107,2024-02-10,Electronics,219.42,5,UPI
ORD_1406,CUST_136,2024-02-11,Clothing,233.0,3,Debit Card
ORD_1407,CUST_145,2024-02-12,Clothing,213.78,3,Net Banking
ORD_1408,CUST_120,2024-02-13,Clothing,161.53,1,Net Banking
ORD_1409,CUST_101,2024-02-14,Home & Kitchen,33.77,5,Credit Card
ORD_1410,CUST_108,2024-02-15,Home & Kitchen,114.82,4,UPI
ORD_1411,CUST_146,2024-02-16,Electronics,142.9,5,Net Banking
ORD_1412,CUST_116,2024-02-17,Books,105.31,2,Debit Card
ORD_1413,CUST_114,2024-02-18,Clothing,143.02,4,UPI
ORD_1414,CUST_112,2024-02-19,Home & Kitchen,230.5,3,Debit Card
ORD_1415,CUST_123,2024-02-20,Clothing,67.71,4,Net Banking
ORD_1416,CUST_115,2024-02-21,Books,240.58,3,Debit Card
ORD_1417,CUST_128,2024-02-22,Home & Kitchen,194.24,3,Credit Card
ORD_1418,CUST_134,2024-02-23,Home & Kitchen,163.41,4,Debit Card
ORD_1419,CUST_102,2024-02-24,Home & Kitchen,114.32,3,UPI
ORD_1420,CUST_132,2024-02-25,Electronics,106.3,3,Debit Card
ORD_1421,CUST_123,2024-02-26,Electronics,68.69,2,Debit Card
ORD_1422,CUST_122,2024-02-27,Home & Kitchen,235.84,5,Credit Card
ORD_1423,CUST_125,2024-02-28,Clothing,226.88,5,Debit Card
ORD_1424,CUST_122,2024-02-29,Home & Kitchen,79.69,2,Debit Card
ORD_1425,CUST_122,2024-03-01,Electronics,122.37,4,Net Banking
ORD_1426,CUST_149,2024-03-02,Clothing,171.66,1,Net Banking
ORD_1427,CUST_142,2024-03-03,Clothing,135.02,1,UPI
ORD_1428,CUST_106,2024-03-04,Clothing,54.07,1,Net Banking
ORD_1429,CUST_115,2024-03-05,Home & Kitchen,117.11,2,Net Banking
ORD_1430,CUST_143,2024-03-06,Clothing,247.55,2,Net Banking
ORD_1431,CUST_137,2024-03-07,Clothing,120.5,3,Net Banking
ORD_1432,CUST_133,2024-03-08,Clothing,141.83,1,Credit Card
ORD_1433,CUST_108,2024-03-09,Clothing,92.74,4,Net Banking
ORD_1434,CUST_144,2024-03-10,Home & Kitchen,179.39,4,Credit Card
ORD_1435,CUST_144,2024-03-11,Electronics,155.76,1,Credit Card
ORD_1436,CUST_105,2024-03-12,Clothing,112.9,1,Net Banking
ORD_1437,CUST_139,2024-03-13,Clothing,84.77,1,Debit Card
ORD_1438,CUST_104,2024-03-14,Home & Kitchen,220.23,2,Credit Card
ORD_1439,CUST_106,2024-03-15,Clothing,69.72,2,Debit Card
ORD_1440,CUST_145,2024-03-16,Books,175.19,2,Debit Card
ORD_1441,CUST_132,2024-03-17,Books,42.31,5,Net Banking
ORD_1442,CUST_130,2024-03-18,Clothing,185.36,4,UPI
ORD_1443,CUST_147,2024-03-19,Electronics,198.51,4,Net Banking
ORD_1444,CUST_135,2024-03-20,Clothing,204.74,3,UPI
ORD_1445,CUST_140,2024-03-21,Electronics,141.94,2,UPI
ORD_1446,CUST_116,2024-03-22,Home & Kitchen,229.2,5,Net Banking
ORD_1447,CUST_113,2024-03-23,Books,265.39,5,Net Banking
ORD_1448,CUST_142,2024-03-24,Electronics,133.92,4,UPI
ORD_1449,CUST_130,2024-03-25,Electronics,127.45,2,Net Banking
ORD_1450,CUST_119,2024-03-26,Electronics,157.46,3,UPI
ORD_1451,CUST_117,2024-03-27,Home & Kitchen,126.12,2,Debit Card
ORD_1452,CUST_119,2024-03-28,Clothing,118.81,1,Net Banking
ORD_1453,CUST_128,2024-03-29,Electronics,123.16,2,Debit Card
ORD_1454,CUST_126,2024-03-30,Books,235.79,1,Credit Card
ORD_1455,CUST_137,2024-03-31,Home & Kitchen,188.59,1,Debit Card
ORD_1456,CUST_126,2024-04-01,Electronics,125.95,3,Debit Card
ORD_1457,CUST_123,2024-04-02,Home & Kitchen,27.24,4,UPI
ORD_1458,CUST_109,2024-04-03,Home & Kitchen,72.78,2,Debit Card
ORD_1459,CUST_112,2024-04-04,Clothing,175.17,1,Net Banking
ORD_1460,CUST_101,2024-04-05,Electronics,43.92,2,UPI
ORD_1461,CUST_101,2024-04-06,Electronics,164.65,4,Credit Card
ORD_1462,CUST_147,2024-04-07,Electronics,96.72,4,Net Banking
ORD_1463,CUST_134,2024-04-08,Books,154.59,5,Credit Card
ORD_1464,CUST_132,2024-04-09,Books,153.19,4,Debit Card
ORD_1465,CUST_148,2024-04-10,Electronics,156.03,3,Net Banking
ORD_1466,CUST_125,2024-04-11,Electronics,130.28,1,Net Banking
ORD_1467,CUST_140,2024-04-12,Electronics,128.64,5,Credit Card
ORD_1468,CUST_145,2024-04-13,Electronics,113.96,3,Net Banking
ORD_1469,CUST_101,2024-04-14,Books,174.19,2,Net Banking
ORD_1470,CUST_116,2024-04-15,Clothing,190.26,1,Net Banking
ORD_1471,CUST_139,2024-04-16,Clothing,89.05,4,Debit Card
ORD_1472,CUST_105,2024-04-17,Electronics,147.42,1,Credit Card
ORD_1473,CUST_122,2024-04-18,Home & Kitchen,159.83,2,Net Banking
ORD_1474,CUST_129,2024-04-19,Clothing,159.19,5,UPI
ORD_1475,CUST_103,2024-04-20,Home & Kitchen,158.34,5,UPI
ORD_1476,CUST_112,2024-04-21,Electronics,129.9,5,UPI
ORD_1477,CUST_126,2024-04-22,Home & Kitchen,163.95,4,UPI
ORD_1478,CUST_116,2024-04-23,Home & Kitchen,180.9,3,Debit Card
ORD_1479,CUST_137,2024-04-24,Electronics,157.05,3,Net Banking
ORD_1480,CUST_122,2024-04-25,Clothing,175.3,1,Credit Card
ORD_1481,CUST_129,2024-04-26,Books,199.52,4,Net Banking
ORD_1482,CUST_114,2024-04-27,Books,57.45,5,Debit Card
ORD_1483,CUST_128,2024-04-28,Clothing,197.17,5,UPI
ORD_1484,CUST_105,2024-04-29,Clothing,167.12,2,Debit Card
ORD_1485,CUST_147,2024-04-30,Books,94.42,2,Net Banking
ORD_1486,CUST_149,2024-05-01,Clothing,190.12,5,Credit Card
ORD_1487,CUST_130,2024-05-02,Electronics,130.08,5,Debit Card
ORD_1488,CUST_146,2024-05-03,Books,136.9,4,Credit Card
ORD_1489,CUST_105,2024-05-04,Electronics,124.62,3,Debit Card
ORD_1490,CUST_112,2024-05-05,Clothing,165.12,2,Credit Card
ORD_1491,CUST_116,2024-05-06,Electronics,110.73,3,Credit Card
ORD_1492,CUST_126,2024-05-07,Electronics,195.07,4,UPI
ORD_1493,CUST_126,2024-05-08,Clothing,143.06,5,Credit Card
ORD_1494,CUST_148,2024-05-09,Home & Kitchen,131.79,3,UPI
ORD_1495,CUST_121,2024-05-10,Electronics,187.64,5,Net Banking
ORD_1496,CUST_139,2024-05-11,Electronics,134.02,5,Net Banking
ORD_1497,CUST_136,2024-05-12,Electronics,197.41,1,UPI
ORD_1498,CUST_133,2024-05-13,Clothing,198.98,3,UPI
ORD_1499,CUST_130,2024-05-14,Books,83.26,3,Debit Card
